success,country_code,country_name,eu,standard_rate,other_rates
True,AF,Afghanistan,False,"{'rate': 0.1, 'class': 'standard', 'description': 'Business receipts tax', 'types': None}","[{'rate': 0.02, 'class': 'reduced', 'description': 'Business receipts tax', 'types': None, 'types_array': []}]"
True,AL,Albania,False,"{'rate': 0.2, 'class': 'standard', 'description': '', 'types': None}","[{'rate': 0.06, 'class': 'reduced', 'description': 'Accommodation; electrical vehicles; books', 'types': None, 'types_array': []}]"
True,DZ,Algeria,False,"{'rate': 0.19, 'class': 'standard', 'description': '', 'types': None}","[{'rate': 0.14, 'class': 'reduced', 'description': 'Various basic goods', 'types': None, 'types_array': []}, {'rate': 0.09, 'class': 'reduced', 'description': 'Certain iron and steel products; cloud-based software and memory storage; construction; e-learning; ebooks; electronic services (including downloads or streaming media; goods and services relating to shipping; internet services; online gambling and apps); production and distribution of sugar and edible oils; services relating to tourism, catering and restaurants; tourist travel and car rentals; goods and services relating to agriculture', 'types': None, 'types_array': []}, {'rate': 0, 'class': 'reduced', 'description': 'Exports and related services', 'types': None, 'types_array': []}]"
True,AD,Andorra,False,"{'rate': 0.045, 'class': 'standard', 'description': '', 'types': None}","[{'rate': 0.095, 'class': 'higher', 'description': 'Banking and financial services', 'types': None, 'types_array': []}, {'rate': 0.01, 'class': 'reduced', 'description': 'Books, newspapers and magazines; private tuition; water; foodstuffs (excluding alcoholic beverages)', 'types': None, 'types_array': []}, {'rate': 0, 'class': 'zero', 'description': 'Hospital services and healthcare; lease of buildings for private use; veterinary services; medicines', 'types': None, 'types_array': []}]"
True,AO,Angola,False,"{'rate': 0.14, 'class': 'standard', 'description': 'VAT replaced 10% Consumption Tax Oct 2019', 'types': None}",[]
True,AR,Argentina,False,"{'rate': 0.21, 'class': 'standard', 'description': '', 'types': None}","[{'rate': 0.27, 'class': 'higher', 'description': 'Supply of telecoms, water, electricity and gas not used exclusively in a dwelling', 'types': None, 'types_array': []}, {'rate': 0.105, 'class': 'reduced', 'description': 'Construction work; fruit, pulses, vegetables and meat; public and taxi transport. Reduced VAT rate applies to certain electronic goods produced in the Tierra del Fuego Special Economic Zone; medical', 'types': None, 'types_array': []}, {'rate': 0.025, 'class': 'reduced', 'description': 'Advertising services to certain printed or digital newspapers and magazines; import or supply of certain printed or digital newspapers and magazines', 'types': None, 'types_array': []}, {'rate': 0, 'class': 'zero', 'description': 'Exports', 'types': None, 'types_array': []}]"
True,AW,Aruba,False,"{'rate': 0.07, 'class': 'standard', 'description': 'Combined Turnover and Health Tax', 'types': None}","[{'rate': 0, 'class': 'exempt', 'description': 'Export; real estate; hotels; International transport; medicines', 'types': None, 'types_array': []}]"
True,AU,Australia,False,"{'rate': 0.1, 'class': 'standard', 'description': '', 'types': None}",[]
True,AT,Austria,True,"{'rate': 0.2, 'class': 'standard', 'description': '', 'types': None}","[{'rate': 0.13, 'class': 'reduced', 'description': 'Admissions to cultural events and amusement parks; certain agricultural supplies; cut flowers and plants for decorative use; entrance to sporting events; firewood; wine production (from farm); domestic flights', 'types': None, 'types_array': []}, {'rate': 0.1, 'class': 'reduced', 'description': 'TV licence; certain agricultural supplies; cut flowers and plants for food production; domestic refuse collection; domestic transport (excluding flights); ebooks; international and intra-community road and rail transport; newspapers and periodicals; pay and cable TV; pharmaceutical products; printed books; restaurants (ex all beverages); social services; take-away food; treatment of waste and waste water; water supplies; writers and composers; foodstuffs;', 'types': 'foodstuffs, books, ebooks, pharmaceuticals, passenger transport, newspapers, admission to cultural events, hotels, admission to entertainment events, water', 'types_array': ['foodstuffs', 'books', 'ebooks', 'pharmaceuticals', 'passenger transport', 'newspapers', 'admission to cultural events', 'hotels', 'admission to entertainment events', 'water']}, {'rate': 0, 'class': 'zero', 'description': 'Hotel accommodation; intra-community and international transport (excluding road and rail)', 'types': None, 'types_array': []}]"
True,AZ,Azerbaijan,False,"{'rate': 0.18, 'class': 'standard', 'description': '', 'types': None}","[{'rate': 0, 'class': 'zero', 'description': 'Exports and international transportation', 'types': None, 'types_array': []}]"
True,BS,Bahamas,False,"{'rate': 0.12, 'class': 'standard', 'description': '', 'types': None}","[{'rate': 0, 'class': 'zero', 'description': 'Exports and certain related supplies (including certain international financial and professional services)', 'types': None, 'types_array': []}]"
True,BH,Bahrain,False,"{'rate': 0.1, 'class': 'standard', 'description': '', 'types': None}","[{'rate': 0, 'class': 'zero', 'description': 'And medicine and medical equipment; domestic and international transport; education; exports of goods and services; healthcare; high-value metals; new properties; oil and gas; basic foodstuffs', 'types': None, 'types_array': []}, {'rate': 0, 'class': 'exempt', 'description': 'And financial services; sale and lease of real estate', 'types': None, 'types_array': []}]"
True,BD,Bangladesh,False,"{'rate': 0.15, 'class': 'standard', 'description': 'Of goods or services', 'types': None}","[{'rate': 0.1, 'class': 'reduced', 'description': 'Rented shops (above 300 sq/m); advertising', 'types': None, 'types_array': []}, {'rate': 0.075, 'class': 'reduced', 'description': 'Certain commercially rented space and machinery', 'types': None, 'types_array': []}, {'rate': 0.05, 'class': 'reduced', 'description': 'Domestic electricity supply', 'types': None, 'types_array': []}, {'rate': 0.045, 'class': 'reduced', 'description': 'Audit services; printing; legal advisory services', 'types': None, 'types_array': []}, {'rate': 0.0225, 'class': 'reduced', 'description': 'Advanced trade rate on imported items; hospital and cleaning services', 'types': None, 'types_array': []}, {'rate': 0.015, 'class': 'reduced', 'description': 'Land development', 'types': None, 'types_array': []}, {'rate': 0, 'class': 'zero', 'description': 'Exports', 'types': None, 'types_array': []}]"
True,BB,Barbados,False,"{'rate': 0.175, 'class': 'standard', 'description': 'Of goods or services', 'types': None}","[{'rate': 0.22, 'class': 'higher', 'description': 'Cell phone services', 'types': None, 'types_array': []}, {'rate': 0.1, 'class': 'reduced', 'description': 'Certain tourism services and accommodation', 'types': None, 'types_array': []}, {'rate': 0, 'class': 'zero', 'description': 'Certain food items, certain agriculture and fishery inputs; certain imported goods; certain tourism and travel related supplies; computer equipment; exports', 'types': None, 'types_array': []}]"
True,BY,Belarus,False,"{'rate': 0.2, 'class': 'standard', 'description': 'All taxable goods and services', 'types': None}","[{'rate': 0.26, 'class': 'higher', 'description': 'electronic communications and mobile services', 'types': None, 'types_array': []}, {'rate': 0.1, 'class': 'reduced', 'description': 'local supplies of crop products; import and/or local supplies of certain food products and goods for children; import and/or local supplies of medicines and medical products', 'types': None, 'types_array': []}, {'rate': 0, 'class': 'zero', 'description': 'goods exported; transportation; certain fuels; aircraft repair', 'types': None, 'types_array': []}]"
True,BE,Belgium,True,"{'rate': 0.21, 'class': 'standard', 'description': '', 'types': None}","[{'rate': 0.12, 'class': 'reduced', 'description': 'Certain agricultural supplies; certain construction work on new buildings; certain energy products e.g. coal, lignite, coke; certain pesticides and fertilizers; certain social housing; certain tyres and inner tubes for agricultural use; restaurants (all beverages excluded); foodstuffs', 'types': 'restaurants', 'types_array': ['restaurants']}, {'rate': 0.06, 'class': 'reduced', 'description': 'Admission to sporting events; certain agricultural supplies; certain books (including ebooks); certain medical equipment for disabled persons; certain motor vehicles (cars for the disabled); certain pharmaceutical products; certain repair and renovation of private dwellings; certain social housing; certain social services; certain undertaker and cremation services; cut flowers and plants for decorative use and food production; domestic transport of passengers; entrance to cultural events and amusement parks; firewood; firewood; hotel accommodation; intra-community and international road, rail and inland waterways transport; minor repairs (including bicycles, shoes and leather goods, clothing and household linen); newspapers and periodicals (with certain exceptions); soft drinks; use of sports facilities; water supplies; writers and composers; foodstuffs (including takeaway food); Hospitality; restaurants; cafes and publishing', 'types': 'ebooks, foodstuffs, books, water, pharmaceuticals, medical, newspapers, hotels, admission to cultural events, admission to entertainment events, restaurants', 'types_array': ['foodstuffs', 'books', 'ebooks', 'pharmaceuticals', 'newspapers', 'admission to cultural events', 'hotels', 'admission to entertainment events', 'water', 'restaurants', 'medical']}, {'rate': 0, 'class': 'zero', 'description': 'Certain recycled materials and by-products; intra-community and international transport (excluding road, rail and inland waterways); certain daily and weekly newspapers', 'types': None, 'types_array': []}]"
True,BJ,Benin,False,"{'rate': 0.18, 'class': 'standard', 'description': '', 'types': None}","[{'rate': 0, 'class': 'zero', 'description': 'Exports', 'types': None, 'types_array': []}, {'rate': 0, 'class': 'exempt', 'description': 'Medical; newspapers; financial services; education; public transport; dwellings rental', 'types': 'medical, newspapers, passenger transport', 'types_array': ['passenger transport', 'newspapers', 'medical']}]"
True,BO,Bolivia,False,"{'rate': 0.13, 'class': 'standard', 'description': '', 'types': None}","[{'rate': 0, 'class': 'zero', 'description': 'Physical books; mining cooperatives and small private mining companies with state contracts, exports', 'types': None, 'types_array': []}, {'rate': 0, 'class': 'exempt', 'description': 'Tourism services for non-residents; financial services', 'types': None, 'types_array': []}]"
True,BA,Bosnia and Herzegovina,False,"{'rate': 0.17, 'class': 'standard', 'description': '', 'types': None}","[{'rate': 0, 'class': 'zero', 'description': 'Exports and related services', 'types': None, 'types_array': []}]"
True,BW,Botswana,False,"{'rate': 0.14, 'class': 'standard', 'description': '', 'types': None}","[{'rate': 0, 'class': 'exempt', 'description': 'Non-fee based financial services; medical; education; and other', 'types': None, 'types_array': []}, {'rate': 0, 'class': 'zero', 'description': 'Exports; international transport; basic foodstuffs; fuel; and others', 'types': None, 'types_array': []}]"
True,BR,Brazil,False,"{'rate': 0.17, 'class': 'standard', 'description': 'Standard state-level VAT or ICMS varies from 17% to 25% depending on the state and the type of goods and services', 'types': None}","[{'rate': 0.12, 'class': 'reduced', 'description': 'Reduced ICMS rate on inter-state supplies', 'types': None, 'types_array': []}, {'rate': 0.07, 'class': 'reduced', 'description': 'Reduced ICMS rate on designated remote states transactions', 'types': None, 'types_array': []}, {'rate': 0.02, 'class': 'reduced', 'description': 'Local Municipal Service Tax ISS\xa0', 'types': None, 'types_array': []}, {'rate': 0.0165, 'class': 'reduced', 'description': 'Federal Gross Revenue Tax PIS', 'types': None, 'types_array': []}, {'rate': 0, 'class': 'zero', 'description': 'ICMS rate on e-commerce', 'types': None, 'types_array': []}]"
True,BG,Bulgaria,True,"{'rate': 0.2, 'class': 'standard', 'description': '', 'types': None}","[{'rate': 0.09, 'class': 'reduced', 'description': 'Hotel accommodation', 'types': 'hotels', 'types_array': ['hotels']}, {'rate': 0, 'class': 'zero', 'description': 'Intra-community and international transport', 'types': None, 'types_array': []}]"
True,CM,Cameroon,False,"{'rate': 0.195, 'class': 'standard', 'description': '', 'types': None}","[{'rate': 0, 'class': 'exempt', 'description': 'Health care and bank interest; interest; mining products; newspapers; exports; \xa0agricultural goods', 'types': None, 'types_array': []}]"
True,CV,Cape Verde,False,"{'rate': 0.15, 'class': 'standard', 'description': '', 'types': None}",[]
True,CL,Chile,False,"{'rate': 0.19, 'class': 'standard', 'description': 'There are additional taxes ranging from 15% to 50%; all taxable goods', 'types': None}",[]
True,CN,China,False,"{'rate': 0.06, 'class': 'standard', 'description': 'IT; consulting; technology; telephony and internet data; financial services and insurance', 'types': None}","[{'rate': 0.06, 'class': 'other', 'description': 'City Maintance & Construction', 'types': None, 'types_array': []}, {'rate': 0.03, 'class': 'other', 'description': 'Chinese National Education Tax', 'types': None, 'types_array': []}, {'rate': 0.03, 'class': 'other', 'description': 'Construction services', 'types': None, 'types_array': []}, {'rate': 0.02, 'class': 'other', 'description': 'Chinese Local Education Taxes', 'types': None, 'types_array': []}, {'rate': 0.01, 'class': 'luxury', 'description': 'Consumption tax applies to prescribed nonessential and luxury or resource-intensive goods (including alcohol, luxury cosmetics, fuel oil, jewellery, motorcycles, motor vehicles, petrol, yachts, golf products, luxury watches, disposable wood chopsticks, tobacco, certain cell and coating products), and it mainly affects companies involved in producing or importing these goods. The tax is calculated based on the sales value of the goods, the sales volume or a combination of the two. The proportional consumption tax rate is from 1% to 56% on the sales revenue of the goods. Exports are exempt', 'types': None, 'types_array': []}]"
True,CO,Colombia,False,"{'rate': 0.19, 'class': 'standard', 'description': '', 'types': None}","[{'rate': 0.05, 'class': 'reduced', 'description': 'Agricultural insurance; agricultural supplies; certain foodstuffs; certain sales of new real estate; cleaning; coffee; cotton; electric and hybrid vehicles; medical insurance; timber', 'types': None, 'types_array': []}, {'rate': 0, 'class': 'zero', 'description': 'Certain books and magazines; certain foodstuffs; certain military and police equipment; livestock; meat; sales of tourism packages to foreign visitors; sales to Colombian free trade zones; exports', 'types': None, 'types_array': []}]"
True,CK,Cook Islands,False,"{'rate': 0.15, 'class': 'standard', 'description': '', 'types': None}","[{'rate': 0, 'class': 'zero', 'description': 'Exports and related services', 'types': None, 'types_array': []}]"
True,CR,Costa Rica,False,"{'rate': 0.13, 'class': 'standard', 'description': '', 'types': None}","[{'rate': 0.1, 'class': 'reduced', 'description': 'Timber supplies', 'types': None, 'types_array': []}, {'rate': 0.05, 'class': 'reduced', 'description': 'Restaurants; residential electricity consumption', 'types': None, 'types_array': []}]"
True,HR,Croatia (Hrvatska),True,"{'rate': 0.25, 'class': 'standard', 'description': '', 'types': None}","[{'rate': 0.13, 'class': 'reduced', 'description': 'Café, restaurant and hotel services (excluding alcohol); certain agricultural inputs; certain domestic waste collection; certain undertaker and cremation services supplies; certain writers and composers services; children’s car seats; electricity supply; hotel accommodation; newspapers (other than daily published newspapers with less than 50% advertising content); periodicals (magazines other than science periodicals with less than 50% advertising content); tickets for concerts; water supplies (excluding bottled water); foodstuffs', 'types': 'hotels, newspapers, electricity', 'types_array': ['newspapers', 'hotels', 'electricity']}, {'rate': 0.05, 'class': 'reduced', 'description': 'Admission to cinema; books (including ebooks); certain medical equipment; daily newspapers (with less than 50% advertising content); pharmaceutical products (only approved medicines prescribed by a doctor); scientific periodicals; foodstuffs (including bread, milk and infant formula); water', 'types': 'admission to entertainment events, books, newspapers, water', 'types_array': ['books', 'newspapers', 'admission to entertainment events', 'water']}, {'rate': 0, 'class': 'zero', 'description': 'Intra-community and international transport (excluding road and rail)', 'types': None, 'types_array': []}]"
True,CY,Cyprus,True,"{'rate': 0.19, 'class': 'standard', 'description': '', 'types': None}","[{'rate': 0.09, 'class': 'reduced', 'description': 'Cafes; domestic passenger transport by sea; hotel accommodation; restaurants\xa0and catering services; domestic road passenger transport', 'types': 'hotels, restaurants', 'types_array': ['hotels', 'restaurants']}, {'rate': 0.05, 'class': 'reduced', 'description': 'LPG (in cylinders); admission to cultural events and amusement parks; admission to sports events; books (excluding ebooks); certain agricultural supplies; certain passenger transport; certain services on intracommunity flights; certain undertaker and cremation services; children’s car seats; cut flowers for food production; domestic waste collection; hairdressing; medical equipment for disabled persons; newspapers and periodicals; non-alcoholic beverages; pharmaceutical products; renovation and repair of private dwellings; social housing; take-away food (excluding soft drinks and alcoholic beverages); use of sporting facilities; waste and waste water treatment; water supplies; works of art, collectors items and antiques; writers and composers; foodstuffs', 'types': 'foodstuffs, pharmaceuticals, medical, passenger transport, water', 'types_array': ['foodstuffs', 'pharmaceuticals', 'passenger transport', 'water', 'medical']}, {'rate': 0.03, 'class': 'reduced', 'description': 'Supplies of books, newspapers and magazines, including brochures and similar printed material, both in paper and electronic formats, unless the main purpose of the publication is advertising; Special equipment for disabled people consisting of talking books, special lifting devices, wheelchairs and other vehicles; Orthopedic goods and devices, and other similar medical equipment; Street cleaning, waste collection and waste treatment services; Entrance ticket for the first performance of theatrical, musical and dance performances.', 'types': 'ebooks, books, admission to cultural events, admission to entertainment events, admission to sporting events, newspapers', 'types_array': ['books', 'ebooks', 'newspapers', 'admission to cultural events', 'admission to entertainment events', 'admission to sporting events']}, {'rate': 0, 'class': 'zero', 'description': 'Goods purchased on international flights; intra-community and international transport', 'types': None, 'types_array': []}]"
True,CZ,Czech Republic,True,"{'rate': 0.21, 'class': 'standard', 'description': '', 'types': None}","[{'rate': 0.12, 'class': 'reduced', 'description': ""Admission to cultural events, shows and amusement parks; admission to sporting events; certain agricultural supplies; certain domestic passenger transport; certain domestic waste collection and street cleaning; certain pharmaceuticals; children's car seats; cleaning of private households; cut flowers and plants for decorative use; domestic care services; firewood; food provided in restaurants and cafes; hotel accommodation; medical and dental care; medical equipment for disabled persons; non-alcoholic beverages; renovation and repair of private dwellings; social housing; social services; supplies to undertaker and cremation services; take-away food; treatment of waste and waste water; use of sporting facilities; water supplies; writers and composers; writers, composers and food production; foodstuffs (excluding essential child nutrition and gluten-free food)"", 'types': 'foodstuffs, passenger transport, newspapers, admission to cultural events, admission to sporting events, admission to entertainment events, hotels', 'types_array': ['foodstuffs', 'passenger transport', 'newspapers', 'admission to cultural events', 'hotels', 'admission to entertainment events', 'admission to sporting events']}, {'rate': 0.1, 'class': 'reduced', 'description': 'Certain books (including ebooks); certain pharmaceutical products; newspapers and periodicals; foodstuffs (selected baby food and gluten-free food)', 'types': 'medical, pharmaceuticals, books, baby foodstuffs', 'types_array': ['books', 'pharmaceuticals', 'medical', 'baby foodstuffs']}, {'rate': 0, 'class': 'zero', 'description': 'Intra-community and international transport', 'types': None, 'types_array': []}]"
True,DK,Denmark,True,"{'rate': 0.25, 'class': 'standard', 'description': '', 'types': None}","[{'rate': 0, 'class': 'zero', 'description': 'Intra-community and international transport; newspapers and journals (published more than once a month)', 'types': None, 'types_array': []}]"
True,DJ,Djibouti,False,"{'rate': 0.1, 'class': 'other', 'description': 'To 33% Sales Tax', 'types': None}","[{'rate': 0.1, 'class': 'other', 'description': 'To 33% Sales Tax', 'types': None, 'types_array': []}]"
True,DM,Dominica,False,"{'rate': 0.15, 'class': 'standard', 'description': '', 'types': None}","[{'rate': 0.1, 'class': 'reduced', 'description': 'Hotel accommodation', 'types': None, 'types_array': []}]"
True,DO,Dominican Republic,False,"{'rate': 0.18, 'class': 'standard', 'description': '', 'types': None}","[{'rate': 0.13, 'class': 'reduced', 'description': 'Basic foodstuffs', 'types': None, 'types_array': []}]"
True,EC,Ecudaor,False,"{'rate': 0.12, 'class': 'standard', 'description': '', 'types': None}","[{'rate': 0, 'class': 'zero', 'description': 'Agricultural supplies; aircraft; books and education; certain basic foods; electricity and water supplies; exports and related transport; hybrid vehicles; land and water transport; medicine and medical services; residential rents', 'types': None, 'types_array': []}]"
True,EG,Egypt,False,"{'rate': 0.14, 'class': 'standard', 'description': '', 'types': None}","[{'rate': 0.05, 'class': 'reduced', 'description': 'Agricultural supplies; and oil products; basic foodstuffs; construction of new properties; consulting services; capital equipment used by taxable businesses', 'types': None, 'types_array': []}, {'rate': 0, 'class': 'zero', 'description': 'Exports and related services', 'types': None, 'types_array': []}, {'rate': 0, 'class': 'exempt', 'description': 'And the sale and leasing of real estate; basic foodstuffs; domestic energy; education; healthcare; medical supplies; public broadcasting; financial services', 'types': None, 'types_array': []}]"
True,EE,Estonia,True,"{'rate': 0.22, 'class': 'standard', 'description': '', 'types': None}","[{'rate': 0.09, 'class': 'reduced', 'description': 'Books (excluding ebooks); hotel accommodation; medical equipment for disabled persons; newspapers and periodicals; certain pharmaceutical products', 'types': 'books, pharmaceuticals, medical, hotels', 'types_array': ['books', 'pharmaceuticals', 'hotels', 'medical']}, {'rate': 0, 'class': 'zero', 'description': 'Intra-community and international transport', 'types': None, 'types_array': []}]"
True,ET,Ethiopia,False,"{'rate': 0.15, 'class': 'standard', 'description': '', 'types': None}","[{'rate': 0, 'class': 'zero', 'description': 'Exports and related services', 'types': None, 'types_array': []}]"
True,FJ,Fiji,False,"{'rate': 0.15, 'class': 'standard', 'description': '', 'types': None}","[{'rate': 0, 'class': 'exempt', 'description': 'Financial services; gambling; charities; dwellings rental; educations', 'types': None, 'types_array': []}, {'rate': 0, 'class': 'zero', 'description': 'Basic foodstuffs; medicines', 'types': None, 'types_array': []}]"
True,FI,Finland,True,"{'rate': 0.24, 'class': 'standard', 'description': '', 'types': None}","[{'rate': 0.14, 'class': 'reduced', 'description': 'Certain agricultural supplies; cut flowers and plants for food production; restaurants\xa0and catering services (excluding alcoholic beverages); soft drinks; take-away food; foodstuffs (excluding live animals)', 'types': 'foodstuffs, restaurants', 'types_array': ['foodstuffs', 'restaurants']}, {'rate': 0.1, 'class': 'reduced', 'description': 'TV licence; admission to cultural events and amusement parks; admission to sports events; books (including ebooks); domestic passenger transport; domestic transport; hotel accommodation; newspapers and periodicals (sold on subscription); use of sports facilities; writers and composers; pharmaceutical products', 'types': 'books, pharmaceuticals, passenger transport, newspapers, admission to cultural events, admission to sporting events, admission to entertainment events, hotels', 'types_array': ['books', 'pharmaceuticals', 'passenger transport', 'newspapers', 'admission to cultural events', 'hotels', 'admission to entertainment events', 'admission to sporting events']}, {'rate': 0, 'class': 'zero', 'description': 'Certain taxation of gold ingots, bars and coins; certain works of art, collectors items and antiques; intra-community and international transport; printing services for publications of non-profitmaking organisations', 'types': None, 'types_array': []}]"
True,FR,France,True,"{'rate': 0.2, 'class': 'standard', 'description': '', 'types': None}","[{'rate': 0.2, 'class': 'regional', 'description': 'Standard rate', 'types': None, 'types_array': []}, {'rate': 0.16, 'class': 'regional', 'description': 'Standard VAT rate for French Polynesia', 'types': None, 'types_array': []}, {'rate': 0.13, 'class': 'regional', 'description': 'Oil products', 'types': 'domestic fuel', 'types_array': ['domestic fuel']}, {'rate': 0.13, 'class': 'regional', 'description': 'Regional reduced rate', 'types': None, 'types_array': []}, {'rate': 0.1, 'class': 'regional', 'description': 'Construction works; Sales on farm machinery; Sales on eaten in products', 'types': 'agricultural supplies', 'types_array': ['agricultural supplies']}, {'rate': 0.1, 'class': 'reduced', 'description': 'Admission to certain cultural services; bars, cafes and nightclubs (except supply of alcoholic beverages); certain agricultural supplies; certain cleaning in private households; certain domestic care services; certain domestic waste collection; certain non-alcoholic beverages; certain pharmaceutical products; certain renovation and repairs of private dwellings; certain social housing; certain works of art, collectors items and antiques; cut flowers and plants for decorative use; domestic passenger transport; firewood; hotel accommodation; intra-community and international road (certain exceptions) and inland waterways transport; pay/cable TV; restaurants (excluding alcoholic beverages); take-away food; writers and composers etc; admission to amusement parks (with cultural aspect); foodstuffs', 'types': 'passenger transport, admission to cultural events, admission to sporting events, admission to entertainment events, hotels, accommodation, restaurants', 'types_array': ['passenger transport', 'admission to cultural events', 'hotels', 'admission to entertainment events', 'restaurants', 'admission to sporting events', 'accommodation']}, {'rate': 0.085, 'class': 'regional', 'description': 'Standard VAT rate for Martinique', 'types': None, 'types_array': []}, {'rate': 0.085, 'class': 'regional', 'description': 'Standard VAT rate for Guadeloupe', 'types': None, 'types_array': []}, {'rate': 0.085, 'class': 'regional', 'description': 'Standard VAT rate for Réunion', 'types': None, 'types_array': []}, {'rate': 0.055, 'class': 'reduced', 'description': 'Admission to certain cultural events; admission to sports events; books (excluding those with pornographic or violent content); certain domestic care services; certain ebooks; certain non-alcoholic beverages; certain renovation and repair of private dwellings; certain social housing; cut flowers and plants for food production; sanitary protection for women; school canteens; water supplies, medical equipment for disabled persons; foodstuffs', 'types': 'medical, foodstuffs, ebooks, books, water', 'types_array': ['foodstuffs', 'books', 'ebooks', 'water', 'medical']}, {'rate': 0.05, 'class': 'regional', 'description': 'Various services; imports', 'types': None, 'types_array': []}, {'rate': 0.021, 'class': 'regional', 'description': 'Regional reduced rate', 'types': 'pharmaceuticals', 'types_array': ['pharmaceuticals']}, {'rate': 0.021, 'class': 'regional', 'description': 'Regional reduced rate', 'types': 'pharmaceuticals', 'types_array': ['pharmaceuticals']}, {'rate': 0.021, 'class': 'regional', 'description': 'Regional reduced rate', 'types': 'pharmaceuticals', 'types_array': ['pharmaceuticals']}, {'rate': 0.021, 'class': 'regional', 'description': 'Regional reduced rate', 'types': 'pharmaceuticals', 'types_array': ['pharmaceuticals']}, {'rate': 0.021, 'class': 'reduced', 'description': 'Admission to certain cultural events; certain livestock intended for use as foodstuff; certain newspapers and periodicals; public television licence fees; certain pharmaceutical products', 'types': 'pharmaceuticals, newspapers', 'types_array': ['pharmaceuticals', 'newspapers']}, {'rate': 0.0105, 'class': 'regional', 'description': 'Super reduced rate for press', 'types': 'newspapers', 'types_array': ['newspapers']}, {'rate': 0.0105, 'class': 'regional', 'description': 'Super reduced rate for press', 'types': 'newspapers', 'types_array': ['newspapers']}, {'rate': 0.0105, 'class': 'regional', 'description': 'Super reduced rate for press', 'types': 'newspapers', 'types_array': ['newspapers']}, {'rate': 0.009, 'class': 'regional', 'description': 'Sales of live animals to non-sujected to VAT entities; On the first performances or circus', 'types': None, 'types_array': []}, {'rate': 0, 'class': 'regional', 'description': 'No VAT in Mayotte', 'types': None, 'types_array': []}, {'rate': 0, 'class': 'regional', 'description': 'No VAT in New Caledonia', 'types': None, 'types_array': []}, {'rate': 0, 'class': 'regional', 'description': 'No VAT in Saint-Pierre-et-Miquelon', 'types': None, 'types_array': []}, {'rate': 0, 'class': 'regional', 'description': 'No VAT in Wallis and Futuna', 'types': None, 'types_array': []}, {'rate': 0, 'class': 'regional', 'description': 'Financial services; medicines and medical; books; water', 'types': 'books, water, pharmaceuticals, medical', 'types_array': ['books', 'pharmaceuticals', 'water', 'medical']}, {'rate': 0, 'class': 'regional', 'description': 'No VAT in French Guiana', 'types': None, 'types_array': []}, {'rate': 0, 'class': 'regional', 'description': 'No VAT in Saint Martin', 'types': None, 'types_array': []}, {'rate': 0, 'class': 'regional', 'description': 'No VAT in Saint Barthélemy', 'types': None, 'types_array': []}, {'rate': 0, 'class': 'zero', 'description': 'Intra-community and international transport (excluding road and inland waterways)', 'types': None, 'types_array': []}]"
True,DE,Germany,True,"{'rate': 0.19, 'class': 'standard', 'description': '', 'types': None}","[{'rate': 0.07, 'class': 'reduced', 'description': 'Admission to cultural events; audiobooks; books (excluding books whose content is harmful to minors); certain admission to sports events; certain agricultural inputs; certain domestic passenger transport; certain timber for industrial use; cut flowers and plants for decorative use and food production; ebooks; firewood; hotel accommodation (only short-term accommodation); intra-community and international passenger transport for certain road, rail and inland waterway transportation; medical and dental care; medical equipment for disabled persons; newspapers and periodicals (except those containing content harmful to minors and/or more than 50% advertising); social services; take-away food; taxation of certain gold coins and jewellery; water supplies (excluding bottled water); writers and composers; foodstuffs; hospitality; restaurants; cafes; gas', 'types': 'foodstuffs, books, medical, passenger transport, newspapers, admission to cultural events, admission to entertainment events, hotels, water', 'types_array': ['foodstuffs', 'books', 'passenger transport', 'newspapers', 'admission to cultural events', 'hotels', 'admission to entertainment events', 'water', 'medical']}, {'rate': 0, 'class': 'zero', 'description': 'Intra-community and international transport (excluding road and rail and certain inland waterways transport)', 'types': None, 'types_array': []}]"
True,GH,Ghana,False,"{'rate': 0.15, 'class': 'standard', 'description': '', 'types': None}","[{'rate': 0.05, 'class': 'reduced', 'description': 'Health and Education Levy since Aug 2018', 'types': None, 'types_array': []}, {'rate': 0.03, 'class': 'reduced', 'description': 'Flat-rate scheme for small entrepreneurs', 'types': None, 'types_array': []}]"
True,GR,Greece,True,"{'rate': 0.24, 'class': 'standard', 'description': '', 'types': None}","[{'rate': 0.13, 'class': 'reduced', 'description': 'Restaurant and catering (other than entertainment centres); certain agricultural supplies; certain cut flowers and plants for food production; certain medical equipment for disabled persons; certain non-alcoholic beverages; certain pharmaceutical products; certain social services; certain take-away food; domestic care services; hotel accommodation (bed\nand breakfast); services for boarding schools; structures for disabled persons; structures providing accommodation\nfor mentally disabled persons, people with mental disorders and drug users; water supplies; foodstuffs', 'types': 'foodstuffs, pharmaceuticals, medical, admission to cultural events, admission to sporting events, admission to entertainment events, water', 'types_array': ['foodstuffs', 'pharmaceuticals', 'admission to cultural events', 'admission to entertainment events', 'water', 'medical', 'admission to sporting events']}, {'rate': 0.06, 'class': 'reduced', 'description': 'Supply of electricity, gas and district heating; certain books (excluding ebooks); certain newspapers and periodicals; certain theatre\xa0and concert admissions; certain pharmaceutical products', 'types': 'books, electricity', 'types_array': ['books', 'electricity']}, {'rate': 0, 'class': 'zero', 'description': 'Intra-community and international air and sea transport', 'types': None, 'types_array': []}]"
True,GU,Guam,False,"{'rate': 0.02, 'class': 'standard', 'description': '', 'types': None}",[]
True,GN,Guinea,False,"{'rate': 0.14, 'class': 'standard', 'description': 'All taxable goods and services', 'types': None}",[]
True,GW,Guinea-Bissau,False,"{'rate': 0.15, 'class': 'standard', 'description': '', 'types': None}","[{'rate': 0.2, 'class': 'higher', 'description': 'Luxury rate', 'types': None, 'types_array': []}, {'rate': 0.1, 'class': 'reduced', 'description': 'Imports and sales: basic foodstuffs; agriculture supplies; restaurant supplies; newspapers; advisory', 'types': None, 'types_array': []}, {'rate': 0, 'class': 'zero', 'description': 'Exports; international transport; medicines', 'types': None, 'types_array': []}, {'rate': 0, 'class': 'exempt', 'description': 'Passenger vehicles; entertainment', 'types': None, 'types_array': []}]"
True,GY,Guyana,False,"{'rate': 0.14, 'class': 'standard', 'description': 'All taxable goods and services', 'types': None}",[]
True,HN,Honduras,False,"{'rate': 0.15, 'class': 'standard', 'description': '', 'types': None}","[{'rate': 0.18, 'class': 'higher', 'description': 'Alcohol; fizzy drinks; tobacco', 'types': None, 'types_array': []}]"
True,HU,Hungary,True,"{'rate': 0.27, 'class': 'standard', 'description': '', 'types': None}","[{'rate': 0.18, 'class': 'reduced', 'description': 'Admission to certain open-air concerts; certain take-away food; foodstuffs', 'types': 'foodstuffs, hotels', 'types_array': ['foodstuffs', 'hotels']}, {'rate': 0.05, 'class': 'reduced', 'description': 'Books (excluding ebooks); certain medical equipment for disabled persons (excluding repair); certain social housing; certain supplies of new buildings; certain writers and composers services; district heating; internet access services; newspapers and periodicals; pharmaceutical products (intended for human use); restaurant and catering services (food prepared on site and non-alcoholic beverages); foodstuffs; \xa0accommodation services from hotels, B&B and house sharing', 'types': 'books, pharmaceuticals, medical', 'types_array': ['books', 'pharmaceuticals', 'medical']}, {'rate': 0, 'class': 'zero', 'description': 'Intra-community and international transport', 'types': None, 'types_array': []}]"
True,IS,Iceland,False,"{'rate': 0.24, 'class': 'standard', 'description': '', 'types': None}","[{'rate': 0.11, 'class': 'reduced', 'description': 'And passenger transport; ebooks; foodstuffs; newspapers; travel agents; hotel accommodation and services', 'types': 'ebooks', 'types_array': ['ebooks']}, {'rate': 0, 'class': 'zero', 'description': 'And export services; ships and aircraft; exports', 'types': None, 'types_array': []}, {'rate': 0, 'class': 'exempt', 'description': 'And postal services; cultural and sporting events; education; public transport; residential property leases; financial services', 'types': None, 'types_array': []}]"
True,IN,India,False,"{'rate': 0.18, 'class': 'standard', 'description': 'Accommodation between Rs 2,500 and Rs 7,499 per night; banking; capital goods; entrance to cultural and entertainment events; heavily processed foods; insurance; restaurants with alcohol license; telephony', 'types': None}","[{'rate': 0.28, 'class': 'higher', 'description': 'TVs; accommodation above Rs 7,500; air conditioning; automobiles; cement; chocolate; consumer durables; cinema tickets; gambling', 'types': None, 'types_array': []}, {'rate': 0.12, 'class': 'reduced', 'description': 'Accommodation between 1,000 and Rs 2,499 per night; business class air travel; cell phones; confectionery; construction intellectual property temporary transfers; dried fruit; frozen meat; other foodstuffs; restaurants (non-air conditioned)', 'types': None, 'types_array': []}, {'rate': 0.05, 'class': 'reduced', 'description': 'Advertising; cooking oil; medicine; sugar; tea and coffee; privately-provided transport including car sharing', 'types': None, 'types_array': []}, {'rate': 0, 'class': 'reduced', 'description': 'Accomodation below Rs 999 per night; books and newspapers; postal services; basic foods, including: fish, meat, dairy, vegetables, bread, salt', 'types': None, 'types_array': []}]"
True,ID,Indonesia,False,"{'rate': 0.11, 'class': 'standard', 'description': '', 'types': None}","[{'rate': 0, 'class': 'zero', 'description': 'And construction services; capital manufacturing equipment; exports', 'types': None, 'types_array': []}, {'rate': 0, 'class': 'exempt', 'description': 'And agriculture products; domestic energy; livestock; medical supplies; real estate; printed books', 'types': None, 'types_array': []}]"
True,IR,Iran (Islamic Republic of),False,"{'rate': 0.08, 'class': 'standard', 'description': 'All taxable goods and services', 'types': None}",[]
True,IE,Ireland,True,"{'rate': 0.23, 'class': 'standard', 'description': '', 'types': None}","[{'rate': 0.135, 'class': 'reduced', 'description': ""Admission to amusement parks; bars and cafes; certain agricultural supplies; certain books; certain pharmaceutical products; certain social housing; children's car seats; cleaning in private households; collection of domestic waste; concrete and concrete blocks; construction work on new buildings; cut flowers and plants for decorative use; driving schools; firewood; hairdressing; health studio services; heating oil; hotel accommodation; medical and dental care; minor repairs of bicycles, shoes and leather goods and household linen; photography services; renovation and repair of private dwellings; restaurant and catering (excluding beverages); routine cleaning of immovable property; services supplied by jockeys; services supplied by veterinary surgeons; short term hire of certain passenger vehicles; social housing; supplies of natural gas, electricity and district heating; supply of immovable property; take-away food; tourism services; treatment of waste and waste water; works of art and antiques; foodstuffs"", 'types': 'medical, admission to cultural events, admission to entertainment events, hotels, restaurants', 'types_array': ['admission to cultural events', 'hotels', 'admission to entertainment events', 'restaurants', 'medical']}, {'rate': 0.09, 'class': 'reduced', 'description': 'Hairdressing; newspapers and periodicals; foodstuffs', 'types': 'newspapers', 'types_array': ['newspapers']}, {'rate': 0.048, 'class': 'reduced', 'description': 'Certain agricultural supplies; livestock intended for use in the preparation of foodstuffs', 'types': 'foodstuffs', 'types_array': ['foodstuffs']}, {'rate': 0, 'class': 'zero', 'description': 'Certain animal feed; certain books; certain feminine hygiene products; certain fertilizers; certain food supplies for food production; certain medical equipment; certain medicines for human consumption; certain medicines for veterinary use (excluding pets); childrens’ nappies; clothing and footwear for children; cut flowers and plants for food production; intra-community and international transport; supplies of seeds and plants for use in food production; wax candles (undecorated); foodstuffs', 'types': 'admission to sporting events, books, childrens clothing, ebooks', 'types_array': ['books', 'ebooks', 'admission to sporting events', 'childrens clothing']}]"
True,IL,Israel,False,"{'rate': 0.17, 'class': 'standard', 'description': 'All other taxable goods and services; Payroll tax on wages in lieu of VAT for financial institutions', 'types': None}","[{'rate': 0.075, 'class': 'reduced', 'description': 'Payroll tax on wages in lieu of VAT for non-profit organisations', 'types': None, 'types_array': []}, {'rate': 0, 'class': 'zero', 'description': 'Certain tourism services; sale of fruit and vegetables; exports', 'types': None, 'types_array': []}, {'rate': 0, 'class': 'exempt', 'description': 'Financial services, certain real estate sales and leasings, diamonds and precious metals, not-for-profit organisations', 'types': None, 'types_array': []}]"
True,IT,Italy,True,"{'rate': 0.22, 'class': 'standard', 'description': '', 'types': None}","[{'rate': 0.1, 'class': 'reduced', 'description': 'Admission to certain sports events; admission to cultural events; alcoholic beverages in bars and cafes; certain agricultural supplies; certain construction work on new buildings; certain pharmaceutical products; certain social housing; certain waste water treatment; collection of domestic waste; cut flowers and plants for decorative use and food production; domestic passenger transport; energy products (excluding district heating); firewood; hotel accommodation; renovation and repair of private dwellings; restaurants; take-away food; water supplies; foodstuffs; \xa0certain supplies of new buildings (non-luxurious)', 'types': 'pharmaceuticals, passenger transport, admission to cultural events, admission to entertainment events, hotels, restaurants, water', 'types_array': ['pharmaceuticals', 'passenger transport', 'admission to cultural events', 'hotels', 'admission to entertainment events', 'water', 'restaurants']}, {'rate': 0.05, 'class': 'reduced', 'description': 'Certain passenger transport; certain social services; foodstuffs', 'types': None, 'types_array': []}, {'rate': 0.04, 'class': 'reduced', 'description': 'TV licence; certain agricultural supplies; certain books; certain medical equipment for disabled persons; certain social housing; certain social services; construction work on new buildings (for first housing); ebooks with an international standard book number (ISBN); motor vehicles for the disabled; newspapers and certain periodicals; online journals newspapers; supplies of new buildings (for first housing); certain food products', 'types': 'foodstuffs, medical, books, ebooks', 'types_array': ['foodstuffs', 'books', 'ebooks', 'medical']}, {'rate': 0, 'class': 'zero', 'description': 'Intra-community and international transport', 'types': None, 'types_array': []}]"
True,CI,Ivory Coast,False,"{'rate': 0.18, 'class': 'standard', 'description': '', 'types': None}","[{'rate': 0.2131, 'class': 'higher', 'description': 'Tobacco and cigarettes', 'types': None, 'types_array': []}, {'rate': 0.09, 'class': 'reduced', 'description': 'Some basic foodstuffs; petrol products; and others', 'types': 'foodstuffs, domestic fuel', 'types_array': ['foodstuffs', 'domestic fuel']}, {'rate': 0, 'class': 'exempt', 'description': 'Certain financial services; health; certain tourism; medical; certain oils; books and newspapers; medical; health; certain oil and extractive sectors; construction', 'types': 'books, newspapers, medical', 'types_array': ['books', 'newspapers', 'medical']}, {'rate': 0, 'class': 'zero', 'description': 'Exports', 'types': None, 'types_array': []}]"
True,JM,Jamaica,False,"{'rate': 0.15, 'class': 'standard', 'description': '', 'types': None}","[{'rate': 0.25, 'class': 'higher', 'description': 'Telecommunication services, including the sale of telephone cards; Telephone instruments', 'types': None, 'types_array': []}, {'rate': 0.1, 'class': 'reduced', 'description': 'Certain services provided by certain entities in the tourism sector including the following: hotel, resort cottage, tour operators, water sports', 'types': 'hotels', 'types_array': ['hotels']}, {'rate': 0, 'class': 'zero', 'description': 'Goods purchased and services to a ministry, department of government, a statutory or authority body; Food produced for schools', 'types': None, 'types_array': []}, {'rate': 0, 'class': 'exempt', 'description': 'Basic foodstuffs, medical supplies, financial services, transportation and limited contruction', 'types': 'foodstuffs, pharmaceuticals', 'types_array': ['foodstuffs', 'pharmaceuticals']}]"
True,JP,Japan,False,"{'rate': 0.1, 'class': 'standard', 'description': 'Consumption Tax. National Tax 7.8% plus Local Tax 2.2%', 'types': None}","[{'rate': 0.08, 'class': 'reduced', 'description': 'Consumption Tax: Basic foodstuffs; newspapers. National Tax 6.24% plus Local Tax 1.76%', 'types': None, 'types_array': []}, {'rate': 0, 'class': 'zero', 'description': 'Exports; international transport', 'types': None, 'types_array': []}, {'rate': 0, 'class': 'exempt', 'description': 'Financial services; medical; education; gambling; charity; immovable property; social welfare', 'types': None, 'types_array': []}]"
True,JE,Jersey,False,"{'rate': 0.05, 'class': 'standard', 'description': 'GST', 'types': None}","[{'rate': 0, 'class': 'zero', 'description': 'Exports, international services, medicines, housing sales, transfers or leases', 'types': None, 'types_array': []}]"
True,JO,Jordan,False,"{'rate': 0.16, 'class': 'standard', 'description': '\xa0', 'types': None}","[{'rate': 0.08, 'class': 'reduced', 'description': '\xa0', 'types': None, 'types_array': []}]"
True,KZ,Kazakhstan,False,"{'rate': 0.12, 'class': 'standard', 'description': 'All goods and services not subject to zero rating or exempt status. Imports', 'types': None}","[{'rate': 0, 'class': 'zero', 'description': 'International transport services; oil; exports', 'types': None, 'types_array': []}, {'rate': 0, 'class': 'exempt', 'description': 'Education; entrance to cultural and sporting events; financial services; medical; land and residential real estate', 'types': None, 'types_array': []}]"
True,KE,Kenya,False,"{'rate': 0.16, 'class': 'standard', 'description': '', 'types': None}","[{'rate': 0.03, 'class': 'turnover tax', 'description': 'Turnover Tax on any business below the VAT registration threshold', 'types': None, 'types_array': []}, {'rate': 0, 'class': 'zero', 'description': 'Certain petroleum supplies; international passenger transport; exports of goods and services', 'types': None, 'types_array': []}, {'rate': 0, 'class': 'exempt', 'description': 'Betting and gaming; domestic passenger transport; domestic water; education and training; entrance to national parks; financial services; medical; medical supplies; residential property; tour operator services; certain agricultural supplies', 'types': None, 'types_array': []}]"
True,KR,"Korea, Republic of",False,"{'rate': 0.1, 'class': 'standard', 'description': '', 'types': None}","[{'rate': 0, 'class': 'zero', 'description': 'Certain business support services; finance and insurance services; services rendered overseas; exports and related transport services', 'types': None, 'types_array': []}]"
True,XK,Kosovo,False,"{'rate': 0.18, 'class': 'standard', 'description': 'All taxable goods and services', 'types': None}","[{'rate': 0.08, 'class': 'reduced', 'description': 'Grains; books and publications; computer equipment; medicines; electricity; water', 'types': 'books, electricity, water', 'types_array': ['books', 'water', 'electricity']}]"
True,KG,Kyrgyzstan,False,"{'rate': 0.12, 'class': 'standard', 'description': 'All taxable goods and services', 'types': None}",[]
True,LV,Latvia,True,"{'rate': 0.21, 'class': 'standard', 'description': '', 'types': None}","[{'rate': 0.12, 'class': 'reduced', 'description': 'Books (excluding ebooks); district heating; domestic passenger transport; hotel accommodation; medical products for disabled persons; newspaper and periodicals; pharmaceutical products; food products for infants', 'types': 'books, pharmaceuticals, medical, newspapers, hotels', 'types_array': ['books', 'pharmaceuticals', 'newspapers', 'hotels', 'medical']}, {'rate': 0.05, 'class': 'reduced', 'description': 'A range of locally produced vegetables and fruit; ebooks', 'types': 'ebooks', 'types_array': ['ebooks']}, {'rate': 0, 'class': 'zero', 'description': 'Intra-community and international transport', 'types': None, 'types_array': []}]"
True,LB,Lebanon,False,"{'rate': 0.15, 'class': 'standard', 'description': 'All taxable goods and services', 'types': None}","[{'rate': 0, 'class': 'zero', 'description': 'Education; Basic foodstuffs; Transfer of real estate; Newspapers; Certain books; Post; Diesel oil; Financial services', 'types': 'newspapers, books', 'types_array': ['books', 'newspapers']}]"
True,LR,Liberia,False,"{'rate': 0.07, 'class': 'standard', 'description': '', 'types': None}","[{'rate': 0.1, 'class': 'higher', 'description': 'Gambling; travel services and international travel; hotels', 'types': None, 'types_array': []}, {'rate': 0.07, 'class': 'additional', 'description': 'Telecoms surtax on top of 7% GST', 'types': None, 'types_array': []}]"
True,LI,Liechtenstein,False,"{'rate': 0.081, 'class': 'standard', 'description': '', 'types': None}","[{'rate': 0.038, 'class': 'reduced', 'description': 'Hotel accommodation', 'types': 'hotels', 'types_array': ['hotels']}, {'rate': 0.026, 'class': 'reduced', 'description': 'Agricultural supplies; cultural and sporting events; medicines; printed materials; water; food and drink (except that provided in hotels)', 'types': 'water, foodstuffs, medical, admission to entertainment events, admission to sporting events', 'types_array': ['foodstuffs', 'admission to entertainment events', 'water', 'medical', 'admission to sporting events']}, {'rate': 0, 'class': 'zero', 'description': 'Supplies of goods and services to airlines; exports', 'types': None, 'types_array': []}]"
True,LT,Lithuania,True,"{'rate': 0.21, 'class': 'standard', 'description': '', 'types': None}","[{'rate': 0.09, 'class': 'reduced', 'description': 'Books; ebooks; maps; journals; district heating; firewood; hotel accommodation; certain domestic passenger transport', 'types': 'books, ebooks', 'types_array': ['books', 'ebooks']}, {'rate': 0.05, 'class': 'reduced', 'description': 'Medical equipment for disabled persons; pharmaceutical products; \xa0newspapers and periodicals (certain exceptions)', 'types': 'pharmaceuticals, medical', 'types_array': ['pharmaceuticals', 'medical']}, {'rate': 0, 'class': 'zero', 'description': 'Intra-community and international transport', 'types': None, 'types_array': []}]"
True,LU,Luxembourg,True,"{'rate': 0.17, 'class': 'standard', 'description': '', 'types': None}","[{'rate': 0.14, 'class': 'reduced', 'description': 'Administration of credit and credit guarantees by a person or organisation other than that granting the credit; heat, cooling and steam with the exception of district heating; printed advertising matter; safe custody and administration of securities; solid mineral fuels, mineral oils and wood intended for use as fuel with the exception of wood for heating; washing and cleaning products; certain wines', 'types': 'wine, domestic fuel, advertising', 'types_array': ['domestic fuel', 'wine', 'advertising']}, {'rate': 0.08, 'class': 'reduced', 'description': 'LPG; certain works of art and antiques; clothing and household linen; cut flowers and plants for decorative use; district heating; electricity; firewood; hairdressing; minor repairs of bicycles; natural gas; shoes and leather goods; cleaning in private households', 'types': 'bikes, domestic services, electricity', 'types_array': ['electricity', 'bikes', 'domestic services']}, {'rate': 0.03, 'class': 'reduced', 'description': ""Admission to cultural events and amusement parks; admission to sports events; agricultural supplies (excluding pesticides); bars, cafes and nightclubs, cut flowers and plants for food production; certain books (including ebooks); certain construction work on new buildings; certain goods and services for consumption on-board passenger transport; certain medical equipment for disabled persons; certain newspapers and periodicals; certain pay TV/cable TV; certain pharmaceutical products; certain supplies of new buildings; certain telephone services; certain works of art, collectors items and antiques; certain writers and composers services (royalties); children's clothing and footwear; collection of domestic waste; domestic passenger transport; hotel accommodation; raw wool; restaurants (excluding alcoholic beverages); soft drinks; take-away food; treatment of waste and waste water; undertaker and cremation services; use of sports facilities; water supplies; foodstuffs"", 'types': 'books, foodstuffs, pharmaceuticals, medical, passenger transport, newspapers, admission to cultural events, admission to sporting events, admission to entertainment events, hotels, restaurants, ebooks, water', 'types_array': ['foodstuffs', 'books', 'ebooks', 'pharmaceuticals', 'passenger transport', 'newspapers', 'admission to cultural events', 'hotels', 'admission to entertainment events', 'water', 'restaurants', 'medical', 'admission to sporting events']}, {'rate': 0, 'class': 'zero', 'description': 'Intra-community and international transport', 'types': None, 'types_array': []}]"
True,MK,Macedonia,False,"{'rate': 0.18, 'class': 'standard', 'description': 'All taxable goods and services', 'types': None}","[{'rate': 0.1, 'class': 'reduced', 'description': 'Restaurants', 'types': 'restaurants', 'types_array': ['restaurants']}, {'rate': 0.05, 'class': 'reduced', 'description': 'Publications; most foodstuffs, water; computers; passenger transport; pharmaceutical and medical devices;', 'types': 'water', 'types_array': ['water']}, {'rate': 0, 'class': 'zero', 'description': 'Exports; International passenger travel', 'types': None, 'types_array': []}, {'rate': 0, 'class': 'zero', 'description': 'Financial services; gambling; education; dwellings; public postal; health', 'types': None, 'types_array': []}]"
True,MG,Madagascar,False,"{'rate': 0.2, 'class': 'standard', 'description': 'All taxable goods and services', 'types': None}",[]
True,MW,Malawi,False,"{'rate': 0.165, 'class': 'standard', 'description': 'All taxable goods and services', 'types': None}",[]
True,MY,Malaysia,False,"{'rate': 0.08, 'class': 'standard', 'description': 'Business consulting; Car hire, rental and repair; Credit cards; Digitial supplies; Domestic flights; Electricity; Hotels and accommodation; Imported and exported services are exempted; Insurance; Legal and accounting; Telecoms, pay-TV; services SST on services is only due when supplied to the non-tax registered final consumer. Services liable include: Restaurants', 'types': None}","[{'rate': 0.05, 'class': 'reduced', 'description': 'IT, telecommunications and printing hardware and materials; and timepieces. Oil and petroleum are subject to quantity-based rates; construction materials; petroleum oils; basic foodstuffs', 'types': None, 'types_array': []}]"
True,MV,Maldives,False,"{'rate': 0.08, 'class': 'standard', 'description': '', 'types': None}",[]
True,MT,Malta,True,"{'rate': 0.18, 'class': 'standard', 'description': '', 'types': None}","[{'rate': 0.12, 'class': 'reduced', 'description': 'Hiring of pleasure boats; Certain health care services; Securities custody services; Certain credit and credit guarantee management services', 'types': None, 'types_array': []}, {'rate': 0.07, 'class': 'reduced', 'description': 'Use of sporting facilities; hotel accommodation', 'types': 'hotels', 'types_array': ['hotels']}, {'rate': 0.05, 'class': 'reduced', 'description': 'Admission to certain cultural events; books (including ebooks); domestic care services; minor repairs of shoes and leather goods, bicycles, clothing, and household linens; newspapers and periodicals; supply of electricity; medical equipment for disabled persons', 'types': 'books, medical, newspapers, admission to cultural events, ebooks', 'types_array': ['books', 'ebooks', 'newspapers', 'admission to cultural events', 'medical']}, {'rate': 0, 'class': 'zero', 'description': 'Cut flowers and plants for food production; domestic passenger transport (excluding road); gold ingots and bars; intra-community and international transport; live animals for human consumption; prescribed medicines; certain supplies of food for human consumption (excluding certain processed and pre-cooked foods)', 'types': 'foodstuffs, pharmaceuticals', 'types_array': ['foodstuffs', 'pharmaceuticals']}]"
True,MU,Mauritius,False,"{'rate': 0.15, 'class': 'standard', 'description': '', 'types': None}","[{'rate': 0, 'class': 'zero', 'description': 'Exports and related services; wheat, flour and related products', 'types': None, 'types_array': []}]"
True,MX,Mexico,False,"{'rate': 0.16, 'class': 'standard', 'description': '', 'types': None}","[{'rate': 0, 'class': 'zero', 'description': 'Certain agricultural services; certain basic foodstuffs such as milk, wheat, meat and corn; medicine; exports', 'types': None, 'types_array': []}]"
True,MD,"Moldova, Republic of",False,"{'rate': 0.2, 'class': 'standard', 'description': '', 'types': None}","[{'rate': 0.08, 'class': 'reduced', 'description': 'Bread; diary; medicines; certain agricultural supplies and others', 'types': None, 'types_array': []}, {'rate': 0, 'class': 'zero', 'description': 'Exports; transport passengers and freight; public water; power; books, e-books and journals', 'types': 'ebooks, water', 'types_array': ['ebooks', 'water']}, {'rate': 0, 'class': 'exempt', 'description': 'Financial services; residential property; land; eduction; foodstuffs; books; and gambling', 'types': 'books, foodstuffs', 'types_array': ['foodstuffs', 'books']}]"
True,MC,Monaco,False,"{'rate': 0.2, 'class': 'standard', 'description': '', 'types': None}","[{'rate': 0.1, 'class': 'reduced', 'description': 'Some foodstuffs; non-alcoholic beverages; hotels; some pharmaceutical products; domestic passenger transport; intra-community and international road (some exceptions) and inland waterways transport; admission to some cultural services', 'types': 'hotels', 'types_array': ['hotels']}, {'rate': 0.055, 'class': 'reduced', 'description': 'Some foodstuffs; some non-alcoholic beverages; school canteens; water supplies, medical equipment for disabled persons; books (excluding those with pornographic or violent content); some e-books; admission to certain cultural events; some social housing;', 'types': 'books, water', 'types_array': ['books', 'water']}, {'rate': 0.021, 'class': 'reduced', 'description': 'Newspapers; certain medicines', 'types': 'newspapers', 'types_array': ['newspapers']}, {'rate': 0, 'class': 'zero', 'description': 'Exports and related services', 'types': None, 'types_array': []}]"
True,ME,Montenegro,False,"{'rate': 0.21, 'class': 'standard', 'description': '', 'types': None}","[{'rate': 0.07, 'class': 'reduced', 'description': 'Certain medicines; hotel and other tourist accommodation; public transport; basic foodstuffs', 'types': 'hotels', 'types_array': ['hotels']}, {'rate': 0, 'class': 'zero', 'description': 'Exports and related services', 'types': None, 'types_array': []}]"
True,MA,Morocco,False,"{'rate': 0.2, 'class': 'standard', 'description': 'All supplies of goods, services and imports not entitled to reduced or full exemptions.', 'types': None}","[{'rate': 0.14, 'class': 'reduced', 'description': 'Domestic transportation (excluding train)', 'types': None, 'types_array': []}, {'rate': 0.1, 'class': 'reduced', 'description': 'Banking; hotel and restaurant (excluding alcohol); oil and other petroleum products', 'types': None, 'types_array': []}, {'rate': 0.07, 'class': 'reduced', 'description': 'Public supplies of water and electricity; medicines and pharmaceuticals', 'types': None, 'types_array': []}, {'rate': 0, 'class': 'zero', 'description': 'Exemption with credit - Exports of goods and services; agriculture supplies;', 'types': None, 'types_array': []}, {'rate': 0, 'class': 'exempt', 'description': 'Exempt without credit – basic foodstuffs; newspapers and books', 'types': None, 'types_array': []}]"
True,MZ,Mozambique,False,"{'rate': 0.16, 'class': 'standard', 'description': '', 'types': None}","[{'rate': 0, 'class': 'zero', 'description': 'Basic foodstuffs; medical supplies; agricultural supplies', 'types': 'foodstuffs, medical', 'types_array': ['foodstuffs', 'medical']}, {'rate': 0, 'class': 'exempt', 'description': 'Financial services; residential rentals; education supplies; medical supplies', 'types': 'medical', 'types_array': ['medical']}]"
True,NA,Namibia,False,"{'rate': 0.15, 'class': 'standard', 'description': 'All taxable goods and services', 'types': None}",[]
True,NP,Nepal,False,"{'rate': 0.13, 'class': 'standard', 'description': 'All taxable goods and services', 'types': None}",[]
True,NL,Netherlands,True,"{'rate': 0.21, 'class': 'standard', 'description': '', 'types': None}","[{'rate': 0.09, 'class': 'reduced', 'description': 'Admission to cultural events and amusement parks; admission to sports events; bars, cafes and night clubs; books (including ebooks); certain cleaning of private households; certain medical equipment for disabled persons; certain pharmaceutical products; certain renovation and repair of private dwellings; certain soft drinks; certain works of art, collectors items and antiques; clothing and household linen; cut flowers and plants for decorative use (certain exclusions) and food production; domestic passenger transport (excluding air travel); hairdressing; hotel accommodation; intra-community and international road, rail and inland waterway passenger transport; minor repairs of bicycles; newspapers and periodicals; restaurants (excluding alcoholic beverages); shoes and leather goods; take-away food; use of sports facilities; water supplies; writers and composers; foodstuffs (excluding foodstuffs for animal consumption)', 'types': 'foodstuffs, books, pharmaceuticals, medical, passenger transport, admission to cultural events, admission to entertainment events, hotels, accommodation, water, restaurants', 'types_array': ['foodstuffs', 'books', 'pharmaceuticals', 'passenger transport', 'admission to cultural events', 'hotels', 'admission to entertainment events', 'water', 'restaurants', 'medical', 'accommodation']}, {'rate': 0, 'class': 'zero', 'description': 'Intra-community and international passenger transport by air and sea; taxation of gold coins', 'types': None, 'types_array': []}]"
True,NZ,New Zealand,False,"{'rate': 0.15, 'class': 'standard', 'description': '', 'types': None}","[{'rate': 0.09, 'class': 'reduced', 'description': 'Hotel accommodation on long term basis (longer than 4 weeks)', 'types': None, 'types_array': []}, {'rate': 0, 'class': 'zero', 'description': 'Financial services; international transportation; land transactions; exports and related services', 'types': None, 'types_array': []}, {'rate': 0, 'class': 'exempt', 'description': 'Financial services, real estate, precious metals', 'types': None, 'types_array': []}]"
True,NG,Nigeria,False,"{'rate': 0.075, 'class': 'standard', 'description': 'All taxable goods and services', 'types': None}","[{'rate': 0, 'class': 'zero', 'description': 'A limited range of financial services; agricultural equipment; basic foodstuffs; books and newspapers; certain humanitarian initiatives; commercial aircraft and spare part imports; commercial vehicles; education and related materials; exports; machinery and equipment used in the solid minerals sector; medical and pharmaceutical supplies; non-oil exports; postal; residential rents', 'types': None, 'types_array': []}]"
True,NO,Norway,False,"{'rate': 0.25, 'class': 'standard', 'description': '', 'types': None}","[{'rate': 0.15, 'class': 'reduced', 'description': 'Foodstuffs and beverages', 'types': 'foodstuffs', 'types_array': ['foodstuffs']}, {'rate': 0.12, 'class': 'reduced', 'description': 'Transport services; certain cultural and sporting activities', 'types': None, 'types_array': []}, {'rate': 0.111, 'class': 'reduced', 'description': 'Supply of raw fish', 'types': 'foodstuffs', 'types_array': ['foodstuffs']}, {'rate': 0, 'class': 'zero', 'description': 'E-books', 'types': 'ebooks', 'types_array': ['ebooks']}]"
True,OM,Oman,False,"{'rate': 0.05, 'class': 'standard', 'description': '', 'types': None}","[{'rate': 0, 'class': 'zero', 'description': 'Exports of goods or services; Certain financial services; Education', 'types': None, 'types_array': []}, {'rate': 0, 'class': 'exempt', 'description': 'Certain financial services; basic foodstuffs; rent; healthcare', 'types': None, 'types_array': []}]"
True,PW,Palau,False,"{'rate': 0.1, 'class': 'standard', 'description': '', 'types': None}","[{'rate': 0, 'class': 'zero', 'description': 'Exports', 'types': None, 'types_array': []}, {'rate': 0, 'class': 'exempt', 'description': 'Financial services', 'types': None, 'types_array': []}]"
True,PA,Panama,False,"{'rate': 0.07, 'class': 'standard', 'description': '', 'types': None}","[{'rate': 0.15, 'class': 'higher', 'description': 'Tobacco products', 'types': None, 'types_array': []}, {'rate': 0.1, 'class': 'higher', 'description': 'Alcoholic beverages; hotel and accommodation', 'types': None, 'types_array': []}, {'rate': 0, 'class': 'zero', 'description': 'Exports', 'types': None, 'types_array': []}, {'rate': 0, 'class': 'exempt', 'description': 'Agricultural produce; bank and related commission on foreign currency; basic foodstuffs; education; medical and pharmaceuticals; property leasing; oil-based products', 'types': None, 'types_array': []}]"
True,PY,Paraguay,False,"{'rate': 0.1, 'class': 'standard', 'description': '', 'types': None}","[{'rate': 0.05, 'class': 'reduced', 'description': 'Certain agricultural goods; certain basic financial services; real estate; foodstuffs and basic consumer goods', 'types': None, 'types_array': []}]"
True,PE,Peru,False,"{'rate': 0.18, 'class': 'standard', 'description': '', 'types': None}",[]
True,PH,Philippines,False,"{'rate': 0.12, 'class': 'standard', 'description': '', 'types': None}","[{'rate': 0.18, 'class': 'higher', 'description': '""Amusement tax"" on night clubs, bars, cabarets etc', 'types': None, 'types_array': []}, {'rate': 0, 'class': 'reduced', 'description': 'International shipping; passenger transport; renewable energy; exports', 'types': None, 'types_array': []}, {'rate': 0, 'class': 'zero', 'description': 'Domestic gas and water; financial services and insurance; medical supplies; newspapers and books; passenger transport; real estate; sale or import of certain agricultural goods', 'types': None, 'types_array': []}]"
